{
  "raw_waveform": {
    "mse": 0.0,
    "snr": 100.0,
    "lsd": 0.0
  },
  "stft": {
    "mse": 5.3764807522035875e-16,
    "snr": 138.18927001953125,
    "lsd": 0.0013555692275986075
  },
  "mel_spectrogram": {
    "mse": 0.07373076677322388,
    "snr": -3.17848801612854,
    "lsd": 0.4469066262245178
  },
  "wav2tensor": {
    "mse": 0.0,
    "snr": 0.0,
    "lsd": 0.0
  }
}