{
  "timestamp": "2025-05-03 17:45:20",
  "tensor_shapes": {
    "spectral": [
      513,
      431
    ],
    "harmonic": [
      513,
      431
    ],
    "spatial": [
      2,
      513,
      431
    ],
    "psychoacoustic": [
      513,
      431
    ]
  },
  "harmonic_plane": {
    "shape": [
      513,
      431
    ],
    "min": 0.0,
    "max": 5.901889801025391,
    "mean": 0.008524567820131779,
    "median": 0.0,
    "std": 0.11636236310005188,
    "percentiles": {
      "1%": 0.0,
      "5%": 0.0,
      "25%": 0.0,
      "50%": 0.0,
      "75%": 0.0,
      "95%": 0.0,
      "99%": 0.1560763418674469
    }
  },
  "spectral_plane": {
    "shape": [
      513,
      431
    ],
    "min": 4.915124804938387e-07,
    "max": 130.49290466308594,
    "mean": 0.6133150458335876,
    "median": 0.04336998984217644
  },
  "psychoacoustic_plane": {
    "shape": [
      513,
      431
    ],
    "min": 0.14223214983940125,
    "max": 0.880000114440918,
    "mean": 0.6036799550056458
  },
  "spatial_plane": {
    "shape": [
      2,
      513,
      431
    ],
    "min": -6.283185005187988,
    "max": 6.283185005187988,
    "mean": 0.017040817067027092,
    "ipd_mean": 0.0038695477414876223,
    "energy_mean": 0.03021208755671978
  },
  "harmonic_peaks": {
    "global_max": {
      "value": 5.901889801025391,
      "frequency": 43.06640625,
      "time": 3.805291567789907
    },
    "frequency_bands": {
      "sub_bass": {
        "freq_range": "20-100 Hz",
        "mean": 0.4929390251636505,
        "max": 5.901889801025391,
        "max_location": {
          "freq": 43.06640625,
          "time": 3.805291567789907
        }
      },
      "bass": {
        "freq_range": "100-250 Hz",
        "mean": 0.12847945094108582,
        "max": 4.597558975219727,
        "max_location": {
          "freq": 107.666015625,
          "time": 4.398777408637875
        }
      },
      "low_mids": {
        "freq_range": "250-500 Hz",
        "mean": 0.03917884826660156,
        "max": 1.9564580917358398,
        "max_location": {
          "freq": 495.263671875,
          "time": 3.5841889996308605
        }
      },
      "mids": {
        "freq_range": "500-2000 Hz",
        "mean": 0.009878942742943764,
        "max": 1.9730002880096436,
        "max_location": {
          "freq": 602.9296875,
          "time": 3.816928545061436
        }
      },
      "upper_mids": {
        "freq_range": "2000-5000 Hz",
        "mean": 9.255709301214665e-05,
        "max": 0.3508049249649048,
        "max_location": {
          "freq": 3165.380859375,
          "time": 1.1171498180667618
        }
      },
      "highs": {
        "freq_range": "5000-10000 Hz",
        "mean": 4.0460724903823575e-07,
        "max": 0.030240222811698914,
        "max_location": {
          "freq": 6890.625,
          "time": 3.21180572694194
        }
      }
    }
  },
  "analysis_metadata": {
    "timestamp": "2025-05-03 17:45:20",
    "audio_file": "audio/song1.mp3",
    "segment": {
      "start": 20.0,
      "duration": 5.0,
      "shape": [
        2,
        110250
      ]
    },
    "settings": {
      "sample_rate": 22050,
      "n_fft": 1024,
      "hop_length": 256,
      "harmonic_method": "filterbank"
    },
    "processing_time": 0.0902707576751709
  }
}