{
  "timestamp": "2025-05-03 17:40:41",
  "tensor_shapes": {
    "spectral": [
      513,
      862
    ],
    "harmonic": [
      513,
      862
    ],
    "spatial": [
      2,
      513,
      862
    ],
    "psychoacoustic": [
      513,
      862
    ]
  },
  "harmonic_plane": {
    "shape": [
      513,
      862
    ],
    "min": 3.8475109249702655e-06,
    "max": 1260104.75,
    "mean": 345.406982421875,
    "median": 0.19093266129493713,
    "std": 10488.779296875,
    "percentiles": {
      "1%": 0.0006873687962070107,
      "5%": 0.006487362552434206,
      "25%": 0.040273331105709076,
      "50%": 0.19093266129493713,
      "75%": 0.9306675791740417,
      "95%": 17.173664093017578,
      "99%": 1913.501220703125
    }
  },
  "spectral_plane": {
    "shape": [
      513,
      862
    ],
    "min": 1.5459954738616943e-07,
    "max": 130.49290466308594,
    "mean": 0.6064848899841309,
    "median": 0.0531197264790535
  },
  "psychoacoustic_plane": {
    "shape": [
      513,
      862
    ],
    "min": 0.14223214983940125,
    "max": 0.880000114440918,
    "mean": 0.6168899536132812
  },
  "spatial_plane": {
    "shape": [
      2,
      513,
      862
    ],
    "min": -6.283185005187988,
    "max": 6.283185005187988,
    "mean": 0.015575237572193146,
    "ipd_mean": 0.00011774658196372911,
    "energy_mean": 0.031032728031277657
  },
  "harmonic_peaks": {
    "global_max": {
      "value": 1260104.75,
      "frequency": 64.599609375,
      "time": 1.4064388558365664
    },
    "frequency_bands": {
      "sub_bass": {
        "freq_range": "20-100 Hz",
        "mean": 16844.943359375,
        "max": 1260104.75,
        "max_location": {
          "freq": 64.599609375,
          "time": 1.4064388558365664
        }
      },
      "bass": {
        "freq_range": "100-250 Hz",
        "mean": 11939.255859375,
        "max": 999448.125,
        "max_location": {
          "freq": 150.732421875,
          "time": 3.184828483464621
        }
      },
      "low_mids": {
        "freq_range": "250-500 Hz",
        "mean": 1777.6219482421875,
        "max": 354439.40625,
        "max_location": {
          "freq": 279.931640625,
          "time": 5.021335419185096
        }
      },
      "mids": {
        "freq_range": "500-2000 Hz",
        "mean": 65.56443786621094,
        "max": 85593.15625,
        "max_location": {
          "freq": 538.330078125,
          "time": 3.580026178493078
        }
      },
      "upper_mids": {
        "freq_range": "2000-5000 Hz",
        "mean": 1.7662115097045898,
        "max": 787.1907958984375,
        "max_location": {
          "freq": 3208.447265625,
          "time": 1.115852315374466
        }
      },
      "highs": {
        "freq_range": "5000-10000 Hz",
        "mean": 0.5304687023162842,
        "max": 64.54784393310547,
        "max_location": {
          "freq": 6912.158203125,
          "time": 3.2080754067015893
        }
      }
    }
  },
  "analysis_metadata": {
    "timestamp": "2025-05-03 17:40:41",
    "audio_file": "audio/song1.mp3",
    "segment": {
      "start": 20.0,
      "duration": 10.0,
      "shape": [
        2,
        220500
      ]
    },
    "settings": {
      "sample_rate": 22050,
      "n_fft": 1024,
      "hop_length": 256,
      "harmonic_method": "hps"
    },
    "processing_time": 0.09812498092651367
  }
}