{
  "timestamp": "2025-05-03 17:43:06",
  "tensor_shapes": {
    "spectral": [
      513,
      431
    ],
    "harmonic": [
      513,
      431
    ],
    "spatial": [
      2,
      513,
      431
    ],
    "psychoacoustic": [
      513,
      431
    ]
  },
  "harmonic_plane": {
    "shape": [
      513,
      431
    ],
    "min": 3.8475109249702655e-06,
    "max": 1260104.75,
    "mean": 365.46044921875,
    "median": 0.15249811112880707,
    "std": 11093.21484375,
    "percentiles": {
      "1%": 0.0007719078566879034,
      "5%": 0.006089514121413231,
      "25%": 0.032435931265354156,
      "50%": 0.15249811112880707,
      "75%": 0.7511878609657288,
      "95%": 17.009981155395508,
      "99%": 2480.744140625
    }
  },
  "spectral_plane": {
    "shape": [
      513,
      431
    ],
    "min": 4.915124804938387e-07,
    "max": 130.49290466308594,
    "mean": 0.6133150458335876,
    "median": 0.04336998984217644
  },
  "psychoacoustic_plane": {
    "shape": [
      513,
      431
    ],
    "min": 0.14223214983940125,
    "max": 0.880000114440918,
    "mean": 0.6036799550056458
  },
  "spatial_plane": {
    "shape": [
      2,
      513,
      431
    ],
    "min": -6.283185005187988,
    "max": 6.283185005187988,
    "mean": 0.017040817067027092,
    "ipd_mean": 0.0038695477414876223,
    "energy_mean": 0.03021208755671978
  },
  "harmonic_peaks": {
    "global_max": {
      "value": 1260104.75,
      "frequency": 64.599609375,
      "time": 1.408074249854981
    },
    "frequency_bands": {
      "sub_bass": {
        "freq_range": "20-100 Hz",
        "mean": 17915.8984375,
        "max": 1260104.75,
        "max_location": {
          "freq": 64.599609375,
          "time": 1.408074249854981
        }
      },
      "bass": {
        "freq_range": "100-250 Hz",
        "mean": 13850.919921875,
        "max": 999448.125,
        "max_location": {
          "freq": 150.732421875,
          "time": 3.1885317723988824
        }
      },
      "low_mids": {
        "freq_range": "250-500 Hz",
        "mean": 865.3115844726562,
        "max": 63047.68359375,
        "max_location": {
          "freq": 258.3984375,
          "time": 0.17455465907293152
        }
      },
      "mids": {
        "freq_range": "500-2000 Hz",
        "mean": 117.2936782836914,
        "max": 85593.15625,
        "max_location": {
          "freq": 538.330078125,
          "time": 3.5841889996308605
        }
      },
      "upper_mids": {
        "freq_range": "2000-5000 Hz",
        "mean": 1.6927809715270996,
        "max": 787.1907958984375,
        "max_location": {
          "freq": 3208.447265625,
          "time": 1.1171498180667618
        }
      },
      "highs": {
        "freq_range": "5000-10000 Hz",
        "mean": 0.5100108981132507,
        "max": 64.54784393310547,
        "max_location": {
          "freq": 6912.158203125,
          "time": 3.21180572694194
        }
      }
    }
  },
  "analysis_metadata": {
    "timestamp": "2025-05-03 17:43:06",
    "audio_file": "audio/song1.mp3",
    "segment": {
      "start": 20.0,
      "duration": 5.0,
      "shape": [
        2,
        110250
      ]
    },
    "settings": {
      "sample_rate": 22050,
      "n_fft": 1024,
      "hop_length": 256,
      "harmonic_method": "hps"
    },
    "processing_time": 0.07180118560791016
  }
}