{
  "timestamp": "2025-05-03 17:15:06",
  "harmonic_plane": {
    "shape": [
      513,
      862
    ],
    "min": 4.461748517314845e-07,
    "max": 1847393.75,
    "mean": 309.99658203125,
    "median": 0.061217159032821655,
    "std": 9609.5869140625,
    "percentiles": {
      "1%": 5.3791445679962635e-06,
      "5%": 1.5761295799165964e-05,
      "25%": 0.00012565315410029143,
      "50%": 0.061217159032821655,
      "75%": 0.48993951082229614,
      "95%": 11.911027908325195,
      "99%": 1607.353271484375
    }
  },
  "spectral_plane": {
    "shape": [
      513,
      862
    ],
    "min": 0.0,
    "max": 144.56471252441406,
    "mean": 0.49813374876976013,
    "median": 0.01753280498087406
  },
  "harmonic_peaks": {
    "global_max": {
      "value": 1847393.75,
      "frequency": 129.19921875,
      "time": 0.9879942375711416
    },
    "frequency_bands": {
      "sub_bass": {
        "freq_range": "20-100 Hz",
        "mean": 19468.75390625,
        "max": 626790.125,
        "max_location": {
          "freq": 43.06640625,
          "time": 1.0286763532358356
        }
      },
      "bass": {
        "freq_range": "100-250 Hz",
        "mean": 23736.60546875,
        "max": 1847393.75,
        "max_location": {
          "freq": 129.19921875,
          "time": 0.9879942375711416
        }
      },
      "low_mids": {
        "freq_range": "250-500 Hz",
        "mean": 5278.98095703125,
        "max": 193405.265625,
        "max_location": {
          "freq": 387.59765625,
          "time": 0.41263288745618265
        }
      },
      "mids": {
        "freq_range": "500-2000 Hz",
        "mean": 59.14072799682617,
        "max": 25925.083984375,
        "max_location": {
          "freq": 559.86328125,
          "time": 2.214269438321206
        }
      },
      "upper_mids": {
        "freq_range": "2000-5000 Hz",
        "mean": 3.6748909950256348,
        "max": 415.9167175292969,
        "max_location": {
          "freq": 3100.78125,
          "time": 0.4184446182654247
        }
      },
      "highs": {
        "freq_range": "5000-10000 Hz",
        "mean": 1.1967554092407227,
        "max": 165.78903198242188,
        "max_location": {
          "freq": 5383.30078125,
          "time": 2.7896307884361646
        }
      }
    }
  },
  "sample_points": [
    {
      "frequency": 43.06640625,
      "time": 0.0,
      "value": 5991.06103515625
    },
    {
      "frequency": 43.06640625,
      "time": 2.504855978783306,
      "value": 43972.28515625
    },
    {
      "frequency": 43.06640625,
      "time": 5.00390022675737,
      "value": 668.9072265625
    },
    {
      "frequency": 86.1328125,
      "time": 0.0,
      "value": 7709.23583984375
    },
    {
      "frequency": 86.1328125,
      "time": 2.504855978783306,
      "value": 26524.8984375
    },
    {
      "frequency": 86.1328125,
      "time": 5.00390022675737,
      "value": 931.5707397460938
    },
    {
      "frequency": 258.3984375,
      "time": 0.0,
      "value": 8078.3251953125
    },
    {
      "frequency": 258.3984375,
      "time": 2.504855978783306,
      "value": 5253.05908203125
    },
    {
      "frequency": 258.3984375,
      "time": 5.00390022675737,
      "value": 515.68017578125
    },
    {
      "frequency": 516.796875,
      "time": 0.0,
      "value": 317.9584655761719
    },
    {
      "frequency": 516.796875,
      "time": 2.504855978783306,
      "value": 946.934326171875
    },
    {
      "frequency": 516.796875,
      "time": 5.00390022675737,
      "value": 165.1741180419922
    },
    {
      "frequency": 732.12890625,
      "time": 0.0,
      "value": 66.16295623779297
    },
    {
      "frequency": 732.12890625,
      "time": 2.504855978783306,
      "value": 10.758453369140625
    },
    {
      "frequency": 732.12890625,
      "time": 5.00390022675737,
      "value": 7.703766822814941
    },
    {
      "frequency": 990.52734375,
      "time": 0.0,
      "value": 5.706422805786133
    },
    {
      "frequency": 990.52734375,
      "time": 2.504855978783306,
      "value": 1.4995293617248535
    },
    {
      "frequency": 990.52734375,
      "time": 5.00390022675737,
      "value": 4.744711399078369
    }
  ]
}