{
  "timestamp": "2025-05-03 17:48:22",
  "tensor_shapes": {
    "spectral": [
      513,
      431
    ],
    "harmonic": [
      513,
      431
    ],
    "spatial": [
      2,
      513,
      431
    ],
    "psychoacoustic": [
      513,
      431
    ]
  },
  "harmonic_plane": {
    "shape": [
      513,
      431
    ],
    "min": 0.0,
    "max": 1178839.0,
    "mean": 203.1154022216797,
    "median": 0.3638381063938141,
    "std": 8889.3525390625,
    "percentiles": {
      "1%": 0.0,
      "5%": 0.00020807272812817246,
      "25%": 0.028533509001135826,
      "50%": 0.3638381063938141,
      "75%": 2.766246795654297,
      "95%": 67.14080810546875,
      "99%": 755.4818115234375
    }
  },
  "spectral_plane": {
    "shape": [
      513,
      431
    ],
    "min": 0.0,
    "max": 126.02913665771484,
    "mean": 0.735711932182312,
    "median": 0.09164003282785416
  },
  "psychoacoustic_plane": {
    "shape": [
      513,
      431
    ],
    "min": 0.0,
    "max": 0.880000114440918,
    "mean": 0.5982244610786438
  },
  "spatial_plane": {
    "shape": [
      2,
      513,
      431
    ],
    "min": -6.28151798248291,
    "max": 6.278822898864746,
    "mean": 0.043217983096838,
    "ipd_mean": -0.00587729224935174,
    "energy_mean": 0.092313252389431
  },
  "harmonic_peaks": {
    "global_max": {
      "value": 1178839.0,
      "frequency": 64.599609375,
      "time": 4.491873226810104
    },
    "frequency_bands": {
      "sub_bass": {
        "freq_range": "20-100 Hz",
        "mean": 14018.3408203125,
        "max": 1178839.0,
        "max_location": {
          "freq": 64.599609375,
          "time": 4.491873226810104
        }
      },
      "bass": {
        "freq_range": "100-250 Hz",
        "mean": 5568.78271484375,
        "max": 889267.4375,
        "max_location": {
          "freq": 107.666015625,
          "time": 2.2808475452196384
        }
      },
      "low_mids": {
        "freq_range": "250-500 Hz",
        "mean": 261.4863586425781,
        "max": 12190.3916015625,
        "max_location": {
          "freq": 409.130859375,
          "time": 4.934078363128197
        }
      },
      "mids": {
        "freq_range": "500-2000 Hz",
        "mean": 40.11923599243164,
        "max": 11052.9912109375,
        "max_location": {
          "freq": 581.396484375,
          "time": 1.3964372725834522
        }
      },
      "upper_mids": {
        "freq_range": "2000-5000 Hz",
        "mean": 20.867565155029297,
        "max": 11591.4736328125,
        "max_location": {
          "freq": 2648.583984375,
          "time": 1.5128070452987399
        }
      },
      "highs": {
        "freq_range": "5000-10000 Hz",
        "mean": 1.2859176397323608,
        "max": 684.1771240234375,
        "max_location": {
          "freq": 5060.302734375,
          "time": 4.387140431366346
        }
      }
    }
  },
  "analysis_metadata": {
    "timestamp": "2025-05-03 17:48:22",
    "audio_file": "audio/song1.mp3",
    "segment": {
      "start": 0.0,
      "duration": 5.0,
      "shape": [
        2,
        110250
      ]
    },
    "settings": {
      "sample_rate": 22050,
      "n_fft": 1024,
      "hop_length": 256,
      "harmonic_method": "hps"
    },
    "processing_time": 0.06391572952270508
  }
}