{
  "timestamp": "2025-05-03 17:48:29",
  "tensor_shapes": {
    "spectral": [
      513,
      431
    ],
    "harmonic": [
      513,
      431
    ],
    "spatial": [
      2,
      513,
      431
    ],
    "psychoacoustic": [
      513,
      431
    ]
  },
  "harmonic_plane": {
    "shape": [
      513,
      431
    ],
    "min": 0.0,
    "max": 4.795661449432373,
    "mean": 0.003239154350012541,
    "median": 0.0,
    "std": 0.060430727899074554,
    "percentiles": {
      "1%": 0.0,
      "5%": 0.0,
      "25%": 0.0,
      "50%": 0.0,
      "75%": 0.0,
      "95%": 0.0,
      "99%": 0.005864769220352173
    }
  },
  "spectral_plane": {
    "shape": [
      513,
      431
    ],
    "min": 0.0,
    "max": 126.02913665771484,
    "mean": 0.735711932182312,
    "median": 0.09164003282785416
  },
  "psychoacoustic_plane": {
    "shape": [
      513,
      431
    ],
    "min": 0.0,
    "max": 0.880000114440918,
    "mean": 0.5982244610786438
  },
  "spatial_plane": {
    "shape": [
      2,
      513,
      431
    ],
    "min": -6.28151798248291,
    "max": 6.278822898864746,
    "mean": 0.043217983096838,
    "ipd_mean": -0.00587729224935174,
    "energy_mean": 0.092313252389431
  },
  "harmonic_peaks": {
    "global_max": {
      "value": 4.795661449432373,
      "frequency": 21.533203125,
      "time": 2.2808475452196384
    },
    "frequency_bands": {
      "sub_bass": {
        "freq_range": "20-100 Hz",
        "mean": 0.2971765995025635,
        "max": 4.795661449432373,
        "max_location": {
          "freq": 21.533203125,
          "time": 2.2808475452196384
        }
      },
      "bass": {
        "freq_range": "100-250 Hz",
        "mean": 0.0036521644797176123,
        "max": 1.460861325263977,
        "max_location": {
          "freq": 129.19921875,
          "time": 4.840982544955968
        }
      },
      "low_mids": {
        "freq_range": "250-500 Hz",
        "mean": 0.0022335133980959654,
        "max": 0.4433324337005615,
        "max_location": {
          "freq": 366.064453125,
          "time": 4.91080440858514
        }
      },
      "mids": {
        "freq_range": "500-2000 Hz",
        "mean": 0.0008515150984749198,
        "max": 0.47079765796661377,
        "max_location": {
          "freq": 516.796875,
          "time": 1.408074249854981
        }
      },
      "upper_mids": {
        "freq_range": "2000-5000 Hz",
        "mean": 0.0007506995461881161,
        "max": 0.961796760559082,
        "max_location": {
          "freq": 2540.91796875,
          "time": 1.408074249854981
        }
      },
      "highs": {
        "freq_range": "5000-10000 Hz",
        "mean": 8.534795597370248e-06,
        "max": 0.10332714021205902,
        "max_location": {
          "freq": 5189.501953125,
          "time": 2.013197067974477
        }
      }
    }
  },
  "analysis_metadata": {
    "timestamp": "2025-05-03 17:48:29",
    "audio_file": "audio/song1.mp3",
    "segment": {
      "start": 0.0,
      "duration": 5.0,
      "shape": [
        2,
        110250
      ]
    },
    "settings": {
      "sample_rate": 22050,
      "n_fft": 1024,
      "hop_length": 256,
      "harmonic_method": "filterbank"
    },
    "processing_time": 0.09487080574035645
  }
}