{
  "timestamp": "2025-05-03 17:48:36",
  "tensor_shapes": {
    "spectral": [
      513,
      862
    ],
    "harmonic": [
      513,
      862
    ],
    "spatial": [
      2,
      513,
      862
    ],
    "psychoacoustic": [
      513,
      862
    ]
  },
  "harmonic_plane": {
    "shape": [
      513,
      862
    ],
    "min": 0.0,
    "max": 1178839.0,
    "mean": 212.1026611328125,
    "median": 0.3984915614128113,
    "std": 8706.00390625,
    "percentiles": {
      "1%": 4.177111545544676e-09,
      "5%": 0.0004893695586360991,
      "25%": 0.049291081726551056,
      "50%": 0.3984915614128113,
      "75%": 2.76224684715271,
      "95%": 70.3606948852539,
      "99%": 824.4375
    }
  },
  "spectral_plane": {
    "shape": [
      513,
      862
    ],
    "min": 0.0,
    "max": 126.02913665771484,
    "mean": 0.75862056016922,
    "median": 0.09999321401119232
  },
  "psychoacoustic_plane": {
    "shape": [
      513,
      862
    ],
    "min": 0.0,
    "max": 0.880000114440918,
    "mean": 0.6248323917388916
  },
  "spatial_plane": {
    "shape": [
      2,
      513,
      862
    ],
    "min": -6.28151798248291,
    "max": 6.2813873291015625,
    "mean": 0.026796860620379448,
    "ipd_mean": -0.006477802991867065,
    "energy_mean": 0.06007152795791626
  },
  "harmonic_peaks": {
    "global_max": {
      "value": 1178839.0,
      "frequency": 64.599609375,
      "time": 4.486656184734831
    },
    "frequency_bands": {
      "sub_bass": {
        "freq_range": "20-100 Hz",
        "mean": 14734.46484375,
        "max": 1178839.0,
        "max_location": {
          "freq": 64.599609375,
          "time": 4.486656184734831
        }
      },
      "bass": {
        "freq_range": "100-250 Hz",
        "mean": 5837.12939453125,
        "max": 889267.4375,
        "max_location": {
          "freq": 107.666015625,
          "time": 2.2781984772228676
        }
      },
      "low_mids": {
        "freq_range": "250-500 Hz",
        "mean": 261.5872802734375,
        "max": 29132.6953125,
        "max_location": {
          "freq": 322.998046875,
          "time": 5.428156575832037
        }
      },
      "mids": {
        "freq_range": "500-2000 Hz",
        "mean": 39.47737503051758,
        "max": 15958.548828125,
        "max_location": {
          "freq": 667.529296875,
          "time": 9.682343528197189
        }
      },
      "upper_mids": {
        "freq_range": "2000-5000 Hz",
        "mean": 20.311782836914062,
        "max": 13428.5498046875,
        "max_location": {
          "freq": 2648.583984375,
          "time": 6.474268121495599
        }
      },
      "highs": {
        "freq_range": "5000-10000 Hz",
        "mean": 1.2443541288375854,
        "max": 707.6570434570312,
        "max_location": {
          "freq": 8419.482421875,
          "time": 7.532003128777644
        }
      }
    }
  },
  "analysis_metadata": {
    "timestamp": "2025-05-03 17:48:36",
    "audio_file": "audio/song1.mp3",
    "segment": {
      "start": 0.0,
      "duration": 10.0,
      "shape": [
        2,
        220500
      ]
    },
    "settings": {
      "sample_rate": 22050,
      "n_fft": 1024,
      "hop_length": 256,
      "harmonic_method": "hps"
    },
    "processing_time": 0.09912443161010742
  }
}